{"x":[9.35659195770685,-1.8348174773032302,-0.3002248293705443,1.3567889411199918,-0.93751422764208,-2.1094789336135835,1.5309910388993315,-1.6826802792855917,9.471258566351409,8.925971280154904,8.816844097298507,-0.7746297908592763,10.464827597452558,9.609402588526804,-0.957203670950255,1.0537437913949532,1.6486943804106509,1.1328039293719456,9.561550618328058,-0.7827779163241055,1.6075342408360402,-1.0700725761589494,1.5914154189103553,-1.0600430091683355,9.055678434159768,-1.9623025878128462,-0.9412160895731101,-1.7284924867084952,2.088526132624462,1.8616041127289018,-0.3144762945328653,-1.6788686172735015,-0.30668042621802305,0.9991493371972181,1.7233096151252982,1.7381064745923962,8.936088879691898,-1.2940727933566754,1.2021324261203716,8.955332170831147,1.048291864126934,-1.3822574602218405,8.888297172797929,9.422374297123614,-1.4550652651260239,2.143980592559754,-1.3257331926331308,1.7190372975449024,1.742659685725724,1.7998649526484414,-1.8834982739890171,-1.9805531954135265,-1.4227665241834753,-0.2867847615059579,1.2483185976539022,-1.24300576438574,-2.3420031867049276,1.4288698414079148,2.1111473905402987,1.408488177976248,1.800441430557051,-1.162358732133137,2.0411764072635505,0.5323772047314387,8.527626413667784,-2.0622803239771765,-1.1847997283943403,0.8023140038834188,1.1982016949192078],"y":[-2.0136539050383924,8.80727060846624,4.63059662516857,4.364624835694804,2.8279198434269475,3.3682955048102166,0.18765469134844925,2.9459649324479953,-2.877700377849698,-2.4059868936482807,-1.772661479436519,7.757954969096177,-1.8589298799892386,-2.12743870536389,2.3004693511562966,4.492868587249477,0.034522358772098416,3.8767394577975276,-2.435319001273443,3.8658268493484145,1.0911149088675678,8.188746599737568,4.904977251840595,7.285759620349497,-1.4065377592447745,2.628457428950915,8.296563351424858,3.5291047965243365,1.0488996088078275,0.7465122846502691,8.288482344779286,8.790492492191111,7.161580485070371,4.210195402435473,4.201208195565489,0.7162930769443678,-2.3152543443472697,2.1497604181945107,1.8730513575538317,-1.9929529760111957,5.030924080929878,8.236688213539791,-2.061545027838537,-1.6679766751409302,7.461732609921215,0.6967731918338059,2.575477215862966,0.7178870791676661,5.038466712398533,0.3073475678767308,8.3201583697206,2.9438549592311922,3.406201779574979,8.575717411358806,0.7912935198309525,8.728395262594512,3.14927338909601,1.2864088378538918,3.5766044901490077,3.932704817245169,0.6786265091323437,2.982373716711828,1.1118295952031456,3.3133890933364265,-2.111473772852177,3.445108124798691,8.036454697363945,4.38196181200038,4.470624491135523],"t":[4,3,0,0,2,2,1,2,4,4,4,3,4,4,2,0,1,0,4,2,1,3,0,3,4,2,3,2,1,1,3,3,3,0,0,1,4,2,1,4,0,3,4,4,3,1,2,1,0,1,3,2,2,3,1,3,2,1,0,0,1,2,1,0,4,2,3,0,0]}