{"x":[1.7233096151252982,-0.7605144060426766,0.7787726135158386,1.3567889411199918,-1.9707968870369617,3.1901448334266815,-1.4494303003734472,2.487485620862631,-1.7725322572796967,-1.503081865621977,2.078146780083601,-0.911758672858045,1.048291864126934,0.9246606526497161,-2.1013908700586565,2.2118013722583285,-1.7008600878849818,-1.8746534547711133,1.1982016949192078,-1.4419191834501264],"y":[4.201208195565489,3.6525616462832655,1.2244729576581173,4.364624835694804,1.9274840272211593,0.17048082263855446,3.1069635211342095,0.5265811497347159,7.125451047052106,7.616422864836001,0.80407173492502,3.5190721857253284,5.030924080929878,4.509086578417576,8.81084771325749,0.47061579028707445,2.9960567458851126,8.22420519355755,4.470624491135523,7.684308640353926],"truth":[0,2,1,0,2,1,2,1,3,3,1,2,0,0,3,1,2,3,0,3]}