{"x":[5.378089648931213,9.066445719640713,1.408488177976248,1.1982016949192078,-1.7836320855014214,-1.2940727933566754,1.2021324261203716,-2.1094789336135835,5.0888719653004895,9.055678434159768,1.7233096151252982,9.580294895193626,5.176547056397531,5.449542724430634,-1.3257331926331308,0.5323772047314387,-1.438190942095029,-0.3002248293705443,6.032504117984114,-0.6588659891663249,1.7998649526484414,-1.24300576438574,1.8616041127289018,9.422374297123614,6.17064814015951,-1.6826802792855917,9.461467975598401,-1.1441182857077201,1.7381064745923962,1.5309910388993315,8.842642367493236,9.139253524544896,-1.8834982739890171,1.742659685725724,1.1328039293719456,-1.863134237109881,5.516577722463851,-0.5041296778483504,1.800441430557051,6.122796169960762,1.3567889411199918,9.74688119390746,5.497334431324604,8.925971280154904,10.234726223260779,-2.3420031867049276,-1.9623025878128462,-1.9334771542441325,1.0537437913949532,2.0411764072635505,-1.8348174773032302,-1.162358732133137,-1.0700725761589494,10.207034690233872,1.6075342408360402,-1.1847997283943403,-1.9805531954135265,1.2483185976539022,0.9991493371972181,2.1111473905402987,1.4288698414079148,-0.957203670950255,2.088526132624462,0.8023140038834188,5.917837509339556,-1.44984424823274,7.026073149085263,-0.30668042621802305,2.670412861796738],"y":[1.1364065391060152,-2.704897029204824,3.932704817245169,4.470624491135523,8.362685879107163,2.1497604181945107,1.8730513575538317,3.3682955048102166,0.7975942456903572,-1.4065377592447745,4.201208195565489,-1.870066287701182,0.3471060926507342,0.8475229907039974,2.575477215862966,3.3133890933364265,2.716991793228992,4.63059662516857,0.03136764069283582,7.745497597735419,0.3073475678767308,8.728395262594512,0.7465122846502691,-1.6679766751409302,0.7816293131786439,2.9459649324479953,-2.880870018776543,8.323779533883451,0.7162930769443678,0.18765469134844925,-1.3761371469349286,-1.929941425586248,8.3201583697206,5.038466712398533,3.8767394577975276,2.7381056805628523,0.9161150425313386,8.783404603656885,0.6786265091323437,0.47374901726909124,4.364624835694804,-2.4086746700298627,0.5938136741952643,-2.4059868936482807,-1.5909122277672334,3.14927338909601,2.628457428950915,2.054740960167284,4.492868587249477,1.1118295952031456,8.80727060846624,2.982373716711828,8.188746599737568,-1.8781472943467528,1.0911149088675678,8.036454697363945,2.9438549592311922,0.7912935198309525,4.210195402435473,3.5766044901490077,1.2864088378538918,2.3004693511562966,1.0488996088078275,4.38196181200038,0.8954141135041419,8.446682550832808,1.0501381385532955,7.161580485070371,1.4988535843301425],"t":[5,4,0,0,3,2,1,2,5,4,0,4,5,5,2,0,2,0,5,3,1,3,1,4,5,2,4,3,1,1,4,4,3,0,0,2,5,3,1,5,0,4,5,4,4,2,2,2,0,1,3,2,3,4,1,3,2,1,0,0,1,2,1,0,5,3,5,3,1]}