{"data": [[-0.8837104936573811, 7.8999514710203], [1.1982016949192071, 4.470624491135523], [1.132803929371945, 3.876739457797527], [1.800441430557051, 0.678626509132343], [-1.933477154244132, 2.054740960167284], [-2.333852937000881, 2.811512121226138], [2.821657128612107, 1.6323430448880791], [1.202132426120371, 1.8730513575538312], [-1.540995127391232, 3.132048196598331], [-1.047084954157375, 7.493054970171437], [1.611374647617821, -0.092734574174026], [-1.830830695137828, 8.285873259118688], [-1.683654349337091, 7.546035183259386], [-1.8631342371098811, 2.7381056805628523], [1.3567889411199912, 4.364624835694804], [0.9991493371972181, 4.210195402435473], [1.8616041127289011, 0.7465122846502691], [1.4084881779762481, 3.932704817245169], [-1.01542455488092, 7.067338172502982], [-0.300224829370544, 4.63059662516857], [1.723309615125298, 4.201208195565489], [0.9246606526497161, 4.509086578417576], [2.111147390540298, 3.5766044901490073], [1.048291864126934, 5.030924080929878], [1.428869841407914, 1.286408837853891], [-0.678555432474499, 7.218047105464768], [-0.50412967784835, 8.783404603656885], [-1.701904956937771, 7.8614327135396636], [-1.438190942095029, 2.716991793228992], [-1.404032040809836, 7.8635426867564675], [-1.8440650600623871, 2.736511678339553], [2.670412861796738, 1.498853584330142], [-1.974637293818743, 3.111333510262754], [-2.342003186704927, 3.14927338909601], [-1.493645402030321, 3.069118210203013], [1.530991038899331, 0.187654691348449], [-0.6588659891663241, 7.745497597735419], [1.881311446769801, 0.9758381444899261], [-1.782306582006342, 2.327566169271916], [2.132741234281336, 1.086744919739023]], "cluster": [0, 3, 3, 1, 2, 2, 1, 1, 2, 0, 1, 0, 0, 2, 3, 3, 1, 3, 0, 3, 3, 3, 3, 3, 1, 0, 0, 0, 2, 0, 2, 1, 2, 2, 2, 1, 0, 1, 2, 1], "centroids": [[-1.1408193144407375, 7.7764177763225995], [1.894153616879137, 0.9873298799811927], [-1.8546307922463876, 2.7847201708956844], [1.1602616773656311, 4.280330897453902]]}