{"data": [[-1.8631342371098811, 2.7381056805628523], [1.8616041127289011, 0.7465122846502691], [9.278505220380996, -1.438234376531527], [1.248318597653902, 0.7912935198309521], [1.202132426120371, 1.8730513575538312], [2.670412861796738, 1.498853584330142], [1.132803929371945, 3.876739457797527], [8.737878899265315, -1.803943760018877], [-0.8837104936573811, 7.8999514710203], [1.800441430557051, 0.678626509132343], [2.111147390540298, 3.5766044901490073], [1.742659685725724, 5.038466712398533], [-2.342003186704927, 3.14927338909601], [-1.683654349337091, 7.546035183259386], [1.1982016949192071, 4.470624491135523], [-1.782306582006342, 2.327566169271916], [9.451438408607787, -1.977883039388471], [-1.933477154244132, 2.054740960167284], [-1.438190942095029, 2.716991793228992], [-0.50412967784835, 8.783404603656885], [-1.974637293818743, 3.111333510262754], [0.9991493371972181, 4.210195402435473], [-1.830830695137828, 8.285873259118688], [1.048291864126934, 5.030924080929878], [10.214830558548714, -3.005049154055668], [-1.493645402030321, 3.069118210203013], [-0.300224829370544, 4.63059662516857], [-1.540995127391232, 3.132048196598331], [-1.047084954157375, 7.493054970171437], [1.4084881779762481, 3.932704817245169], [1.881311446769801, 0.9758381444899261], [2.132741234281336, 1.086744919739023], [-1.404032040809836, 7.8635426867564675], [9.336711256372396, -2.130174941762094], [1.723309615125298, 4.201208195565489], [-1.01542455488092, 7.067338172502982], [-1.8440650600623871, 2.736511678339553], [-0.678555432474499, 7.218047105464768], [1.3567889411199912, 4.364624835694804], [-1.701904956937771, 7.8614327135396636], [9.862644995600412, -2.42113204139062], [1.611374647617821, -0.092734574174026], [8.63801271077772, -1.84647126940544], [9.071666736533997, -1.719947088293231], [1.428869841407914, 1.286408837853891], [9.377392699059017, -1.8428501052425892], [1.530991038899331, 0.187654691348449]], "cluster": [4, 2, 1, 2, 2, 2, 0, 1, 3, 2, 0, 0, 4, 3, 0, 4, 1, 4, 4, 3, 4, 0, 3, 0, 1, 4, 0, 4, 3, 0, 2, 2, 3, 1, 0, 3, 4, 3, 0, 3, 1, 2, 1, 1, 2, 1, 2], "centroids": [[1.242061580673232, 4.333268910851997], [9.32989794279404, -2.020631752898725], [1.7368197637833167, 0.9032249274754802], [-1.1943696839156726, 7.779853351721176], [-1.8013838872736656, 2.781743287525634]]}