{"data": [[-0.565432999981713, 3.6581396570503353], [-2.113465715778985, 3.889692854157769], [0.782606669842518, 4.152635952160722], [0.8023140038834181, 4.38196181200038], [1.132803929371945, 3.876739457797527], [-1.219864328048865, 3.378985597116386], [-2.162146512464772, 3.402580615412128], [1.240168347949855, 1.1290547877008241], [-1.348720814634704, 3.271168845429097], [0.45199359601294803, 3.593778358858902], [1.591415418910355, 4.904977251840595], [1.60753424083604, 1.0911149088675671], [0.12313498323398801, 5.279175025064285], [-2.062280323977176, 3.445108124798691], [-1.053278029335031, 2.840377214787705], [1.451314287309289, 4.228108723299541], [1.1982016949192071, 4.470624491135523], [1.4084881779762481, 3.932704817245169], [1.723309615125298, 4.201208195565489], [-1.294072793356675, 2.14976041819451], [2.04117640726355, 1.111829595203145], [-1.463447966870095, 3.118876943055473], [1.053743791394953, 4.492868587249477], [0.9246606526497161, 4.509086578417576], [1.248318597653902, 0.7912935198309521], [2.624967863704528, 0.28025074976111003], [-0.300224829370544, 4.63059662516857], [0.532377204731438, 3.313389093336426], [-1.5216540028614949, 3.81081750828604], [-0.59312453300862, 3.370904590470815], [1.899491255369191, 0.9257463310528091], [1.6016183392412562, 0.9236363578360061], [2.256438342021652, 0.55525861446778], [1.7381064745923962, 0.7162930769443671], [-0.7827779163241051, 3.865826849348414], [-1.728492486708495, 3.529104796524336], [-1.733713503601779, 2.544154855612744], [2.111147390540298, 3.5766044901490073], [1.6198689468419372, 0.608238827555729], [1.3567889411199912, 4.364624835694804], [2.143980592559754, 0.696773191833805], [-1.957516855749256, 3.872914737882639], [1.799864952648441, 0.30734756787673], [2.088526132624462, 1.048899608807827], [1.800441430557051, 0.678626509132343], [1.7190372975449022, 0.717887079167666], [1.048291864126934, 5.030924080929878], [-1.660905698697595, 3.31911045923132], [-0.5853286646937781, 2.244002730761899], [1.64869438041065, 0.034522358772098], [1.472692601041199, 1.34807690341503], [-1.422766524183475, 3.406201779574979], [0.9991493371972181, 4.210195402435473], [1.428869841407914, 1.286408837853891], [-0.93751422764208, 2.827919843426947], [1.742659685725724, 5.038466712398533], [2.419812802521646, 0.9621551153166421]], "cluster": [2, 2, 0, 0, 0, 2, 2, 1, 2, 0, 0, 1, 0, 2, 2, 0, 0, 0, 0, 2, 1, 2, 0, 0, 1, 1, 0, 0, 2, 2, 1, 1, 1, 1, 2, 2, 2, 0, 1, 0, 1, 2, 1, 1, 1, 1, 0, 2, 2, 1, 1, 2, 0, 1, 2, 0, 1], "centroids": [[1.059693495510576, 4.325719499513046], [1.810505728778438, 0.8007059969155959], [-1.3792896788378262, 3.2602972853222223]]}